name,parent
"START",null
"Message 1-1 next 2","START"
"Message 2-1 next 3","Message 1-1 next 2"
"Message 2-51 next 3","Message 1-1 next 2"
"Message 1-51 next 2","START"
"Message 2-1 next 3","Message 1-51 next 2"
"Message 2-51 next 3","Message 1-51 next 2"
"Message 3-1 next 4","Message 2-1 next 3"
"Message 3-51 next 4","Message 2-1 next 3"
"Message 3-1 next 4","Message 2-51 next 3"
"Message 3-51 next 4","Message 2-51 next 3"
"Message 4-1 next 5","Message 3-1 next 4"
"Message 4-51 next 5","Message 3-1 next 4"
"Message 4-1 next 5","Message 3-51 next 4"
"Message 4-51 next 5","Message 3-51 next 4"